company,job,worker_id,registration_date,id
Weaver and Sons,Bonds trader,tIRWGemeVFyp,2017-10-25,0
Johnson PLC,Regulatory affairs officer,PzjzAM2AFnD1,2019-09-10,1
Morales-Mcclure,Communications engineer,EeX8YCiZ4K5q,2007-03-06,2
Parsons Ltd,Tourist information centre manager,qcq1U3mOhpJy,2009-07-02,3
Navarro-Jenkins,Civil Service fast streamer,q81AEwywQIeW,2018-11-15,4
Fuller-White,Museum/gallery exhibitions officer,ZnlPj1JbwPCM,2006-12-28,5
"Miller, Wilson and Walter","Librarian, academic",XSoccsNAJjeB,2006-11-15,6
Weaver-King,Diagnostic radiographer,xPWpQE2SW7di,2020-10-06,7
Rose-Mueller,"Engineer, chemical",xIUSF8d4wayU,2022-06-18,8
"Ellis, Wells and Stone","Production assistant, radio",u9WYbbTFywoU,2000-06-27,9
Gonzalez Group,Civil Service fast streamer,33QN4g0Zvxr3,2016-09-23,10
"Patel, Brown and Henderson",Primary school teacher,57zWWSm6Pv2E,2021-11-19,11
"Miller, Thompson and Stewart","Production assistant, radio",yIQgRJle4eyS,2000-06-24,12
"Palmer, Peterson and Arias",Publishing rights manager,t7Is3enieDM6,2011-07-12,13
"Bishop, Smith and Valdez",Nature conservation officer,tgxAZk7Ag0Zs,2004-03-18,14
Young-Glass,"Education officer, community",2PjvJ3COI0MV,2011-11-25,15
"Gonzalez, Turner and Reilly",Associate Professor,pPBdFnI1bqtE,2001-01-06,16
Jenkins-Bernard,"Designer, furniture",ENqjxCcgHomt,2006-07-17,17
Lowery-Baxter,Microbiologist,sr7D3wxEtzXS,2007-12-12,18
"Choi, Kirby and Atkinson",Research scientist (maths),44En41cPjXNM,2018-06-20,19
"Dougherty, Weaver and Sanchez",Trade union research officer,fFWqbPBdjFwS,2017-10-14,20
Davis and Sons,Applications developer,jNecyoONE6y7,2018-09-07,21
"Williams, Anderson and Wright",Building control surveyor,Uym9ayxK6NFr,2003-09-15,22
"Boyd, Andrade and Johnson",Health physicist,mhXZdgfS720T,2001-03-21,23
"Garrett, Mcgee and Wilson","Engineer, materials",I4Ir0ByElv64,2011-11-02,24
"Shaw, Chen and Hernandez",Fitness centre manager,gjJioB91arfY,2007-01-30,25
Moore Inc,Seismic interpreter,G3L82F2sORjU,2004-04-24,26
"Brown, Kirby and Moore","Embryologist, clinical",o41q3RlVFtNa,2017-09-23,27
Johnson LLC,Health and safety inspector,lBNV36E4Hrtp,2004-01-29,28
Williams-Mann,"Engineer, building services",dpGS7nucD2qg,2001-04-10,29
"Reyes, Smith and Hendrix",Armed forces operational officer,iDEz7XcGmKo8,2016-11-21,30
Hood PLC,Phytotherapist,SzTLE4kOqrUF,2004-08-24,31
"Gross, Chan and Oneill",Financial controller,BFeXthapmtgb,2004-06-06,32
White Ltd,Advertising account executive,FhKjMFFFMfZI,2014-08-29,33
"Schwartz, Duncan and Rivera","Psychologist, counselling",m7G6Nl9tdl0e,2014-08-30,34
"Goodwin, Jordan and Foley","Production assistant, radio",kNpYjj13n5me,2016-06-22,35
Ford Group,Osteopath,AVelWWK57Nwk,2010-01-05,36
"Gray, Wright and Arellano","Surveyor, quantity",TVnq1JUFkk7M,2003-09-19,37
Thomas-Flores,Paediatric nurse,1WyLhr8fT1CH,2009-09-19,38
Hampton Inc,"Doctor, hospital",hGMQRGmkOdl6,2007-10-24,39
"Turner, Hernandez and Williams",Further education lecturer,ei9Af8fSckq2,2019-03-26,40
Mccall-Hopkins,Make,ZtEYYzt3xBb4,2011-08-07,41
"Levine, Burton and Cooper",Chartered accountant,n3ZyW8yV0FSZ,2001-08-28,42
Benjamin and Sons,"Runner, broadcasting/film/video",ow1f6UPHNgoa,2004-12-21,43
Schneider PLC,General practice doctor,dvOkMY23P1Hx,2018-01-20,44
"Lopez, Roman and Barnes","Librarian, academic",rfHw9DD2CnZh,2005-10-11,45
"Simon, Fuller and Cox",Advertising account executive,wt9SZvBpRSu3,2002-03-13,46
"Hernandez, Moore and Phillips",Mining engineer,vIhycBXdpqWu,2007-07-10,47
Ellis Inc,IT trainer,svEWLjqIF2wv,2012-08-29,48
Gomez and Sons,"Administrator, local government",sQiA1w6kIGAS,2002-05-27,49
Garcia PLC,Art therapist,hOHtTSrYqXYd,2023-04-24,50
Lee LLC,"Designer, television/film set",n0JvGVSEOpEg,2017-05-22,51
Gill LLC,Cytogeneticist,LKm0VHlRnCaP,2003-10-16,52
Harris and Sons,"Nurse, adult",DAzenpZW4Ndw,2013-01-12,53
"Conway, Wilson and Rodriguez",Amenity horticulturist,g8oPzvATrGSf,2001-09-07,54
Jones and Sons,Nature conservation officer,jBo5J4wrLyUD,2013-08-22,55
"Ramos, Campbell and Strickland","Development worker, international aid",igWMrMenbXAE,2016-12-20,56
Ferrell Ltd,Haematologist,88SNRn0clRQO,2018-01-26,57
Jackson PLC,"Teacher, special educational needs",6VaZRB7higIq,2008-07-06,58
Smith-Christensen,"Accountant, chartered certified",IxmC3sDHGxxy,2015-04-16,59
Frazier LLC,"Engineer, structural",5OHF6otWmH5K,2008-03-24,60
Williams-Bartlett,Dramatherapist,fCacO8KqTjWV,2021-07-24,61
Garza Group,"Physicist, medical",fkYwnfiLL6dv,2001-06-08,62
"Stone, Mercer and Gonzales",Biomedical engineer,sLL5R61ITwqB,2020-01-31,63
"Reyes, Norman and Gonzalez",Community education officer,6je6fWRstIDW,2022-07-24,64
Bowers PLC,Forensic psychologist,pivdV3Tz3TXb,2001-09-05,65
Green-Little,"Engineer, land",uXJ7avxj4XPk,2014-11-27,66
"Brown, Campbell and Franco",Social worker,CyEi6th6B74b,2008-08-10,67
Hernandez-Wells,Civil Service administrator,goIyIMXnv9zw,2017-08-09,68
Holden Group,Medical technical officer,CQYGS9d3P3Ox,2006-02-11,69
Richards-Silva,Restaurant manager,xtHFNdr6ZGiQ,2022-12-20,70
Bowman Inc,Radio producer,IKv9rEvRewr2,2003-01-01,71
"Gonzalez, Collins and Kelley","Therapist, nutritional",1GXBdqC4HV5u,2013-01-13,72
Wheeler-Rodriguez,"Doctor, hospital",LS8bhyoRSU0C,2002-02-28,73
Taylor and Sons,"Engineer, technical sales",5Pl6blH7amVf,2003-08-13,74
Moore-Mclaughlin,Audiological scientist,k1Gihnk4dBVS,2015-08-02,75
Vega LLC,Further education lecturer,M7ZHuILYSfyk,2018-10-28,76
Jenkins-Fisher,"Radiographer, therapeutic",4CkRyl6K55CY,2005-05-16,77
Patterson Group,Community arts worker,DgbfQGHoW6Vq,2020-03-15,78
Mccoy-Murphy,"Engineer, agricultural",rz4yie92ZHk5,2003-06-04,79
"Chan, Miller and Gutierrez",Acupuncturist,JImNkQv7xtyw,2003-09-22,80
Mendez Ltd,Optometrist,6nwl9ODsc7cd,2017-08-20,81
Stout Ltd,Product manager,jJ4d5E4zw4K5,2022-01-01,82
Lara Inc,Horticultural consultant,jpRC2FdbJtQ8,2019-01-27,83
Williams-Castro,Furniture designer,77Mtuc6EYbn0,2005-09-19,84
Roman Inc,English as a foreign language teacher,pD54gcZT1MXl,2011-03-12,85
Hamilton LLC,"Geologist, wellsite",KWyE4xsYK9dc,2000-05-18,86
Daniel Group,Fashion designer,WxziQVb1h1kV,2013-08-19,87
Gibson LLC,"Producer, television/film/video",5gW0mvWIpaSE,2016-10-14,88
Jacobs-Murphy,Communications engineer,qeIYByYdcD8m,2012-02-25,89
Lewis Group,Telecommunications researcher,l4VGdDdBdCOX,2022-06-20,90
"Lee, Jimenez and Warren","Librarian, academic",przlU3udvwAB,2004-08-22,91
Kelly-Chan,"Engineer, civil (consulting)",eSULRvIG87Zo,2015-05-25,92
Padilla Inc,Chief Technology Officer,jBqCQFIV0xj4,2002-10-28,93
Singh-Rich,Human resources officer,mjDEyeGy9UUP,2021-08-16,94
Hatfield-Allen,Industrial/product designer,cdtecnhyUTeh,2014-08-28,95
Higgins-Sanchez,Sport and exercise psychologist,ec9pwGGsw01c,2014-06-26,96
"Phillips, Snyder and Flynn",Rural practice surveyor,UQfbp9T3ZyI3,2021-11-23,97
Pham-Hartman,"Doctor, hospital",ZrT8NvhnvUDM,2011-01-29,98
Chavez-Harrison,"Development worker, international aid",V91vXz5SlgND,2008-02-25,99
